Timestamp,Overall Experience (1-10),How would you rate the organization?,What did you enjoy most?,What could be improved?,Would you recommend this event?,Any other feedback?
2024-03-15 09:12:00,9,Excellent,The networking sessions were absolutely fantastic and very well organized. I made great connections.,The food options were limited and the vegetarian choices were not clearly marked.,Yes,Looking forward to the next event! Please keep the interactive workshops.
2024-03-15 09:45:00,7,Good,Great speakers and very relevant topics covered throughout the day.,The venue was a bit too cold and the WiFi kept dropping during presentations.,Yes,Overall a good event but some technical issues need fixing before next time.
2024-03-15 10:02:00,3,Poor,I liked the diversity of topics in the schedule.,The sessions started very late and there was almost no clear direction or guidance.,No,Very disappointed with the time management. We waited over 30 minutes for each session to begin.
2024-03-15 10:30:00,8,Good,Workshops were hands-on and the instructors were highly knowledgeable and patient.,Registration process was confusing and the queue was long and chaotic.,Yes,Would benefit from a better app or digital check-in system for registration.
2024-03-15 11:00:00,10,Excellent,Everything was perfect! The content was top-notch and highly relevant to my work.,Nothing major to improve - maybe just more breaks throughout the day.,Yes,Best conference I have attended this year. Absolutely worth it.
2024-03-15 11:30:00,6,Average,Some of the keynote speakers were very inspiring and thought-provoking.,Too many sessions were happening simultaneously making it hard to choose.,Maybe,Scheduling conflicts made it hard to attend everything I wanted to.
2024-03-15 12:00:00,8,Excellent,The panel discussions were engaging and the Q&A sessions were very interactive.,Could use better signage around the venue to help navigate between rooms.,Yes,Very well put together event. The catering team was excellent.
2024-03-15 12:45:00,2,Poor,The location was easy to reach by public transport.,Extremely poor audio system in the main hall. Could not hear the speakers clearly.,No,The sound quality ruined the experience. Speakers need to be upgraded urgently.
2024-03-15 13:15:00,9,Excellent,Loved the collaborative atmosphere and the team building exercises were fun.,Parking was insufficient and expensive. Many people had trouble finding spots.,Yes,Great job by the organizing team. The mobile app worked really well.
2024-03-15 14:00:00,7,Good,The breakout sessions were the highlight for me personally.,Sessions felt rushed and there was not enough time for deeper discussions.,Yes,Would be great to have longer workshops next time with more practice time.
2024-03-15 14:30:00,5,Average,Met some interesting professionals during the lunch break.,The venue layout was confusing and hard to navigate without better maps.,Maybe,Decent event but nothing exceptionally memorable stood out to me.
2024-03-15 15:00:00,9,Excellent,Outstanding content quality and very relevant industry insights shared.,More diverse international speakers would have added more global perspective.,Yes,One of the better organized tech events I have been to this year.
2024-03-15 15:45:00,4,Poor,A few sessions had very good and insightful content.,Organization was very poor. Multiple sessions were cancelled without any notice given to attendees.,No,Needs significant improvement in planning and communication with attendees.
2024-03-15 16:00:00,10,Excellent,The innovation showcase was breathtaking and showed amazing creativity.,Honestly nothing to complain about everything exceeded my high expectations.,Yes,Please make this an annual event! I will definitely bring my whole team next year.
2024-03-15 16:30:00,6,Average,Good variety of topics covered across all the different tracks available.,Felt slightly overpriced for the quality of food and some of the content provided.,Maybe,The networking app was helpful but needed a few more features to work well.
